,discovery_avg_accuracy,replication_avg_accuracy
0,0.9224506172839506,0.9190487366556538
